reportDate,productName,category,quantity,unitPrice,otherExpenses,totalAmount,customerName,paymentMethod,status,orderNumber,notes
2023-09-30,Turbocharger,Engine system,3,14061.11,1080.51,43263.84,Retail Client,Check,Completed,ORDT100000,Synthetic test data
2023-08-16,Turbocharger,Engine system,4,21935.92,576.2,88319.88,Retail Client,Cash,Completed,ORDT100001,Synthetic test data
2023-03-31,Turbocharger,Engine system,5,15221.69,806.36,76914.81,Wholesale Client,GCash,Completed,ORDT100002,Synthetic test data
2023-10-02,Turbocharger,Engine system,1,19655.72,442.85,20098.57,Retail Client,Bank Transfer,Completed,ORDT100003,Synthetic test data
2023-12-24,Turbocharger,Engine system,5,6500.36,766.85,33268.65,Wholesale Client,Check,Completed,ORDT100004,Synthetic test data
2023-09-26,Turbocharger,Engine system,1,12076.4,726.63,12803.03,Wholesale Client,Maya,Completed,ORDT100005,Synthetic test data
2023-02-28,Turbocharger,Engine system,3,7120.34,1934.76,23295.78,Retail Client,Check,Completed,ORDT100006,Synthetic test data
2023-06-11,Turbocharger,Engine system,2,7670.83,1693.89,17035.55,Wholesale Client,Check,Completed,ORDT100007,Synthetic test data
2023-05-07,Turbocharger,Engine system,4,11268.22,1385.68,46458.56,Retail Client,GCash,Completed,ORDT100008,Synthetic test data
2023-02-28,Turbocharger,Engine system,2,20381.64,1183.19,41946.47,Retail Client,Maya,Pending,ORDT100009,Synthetic test data
2023-10-29,Turbocharger,Engine system,4,22357.44,1871.02,91300.78,Wholesale Client,Check,Completed,ORDT100010,Synthetic test data
2023-08-05,Turbocharger,Engine system,4,19198.33,1527.26,78320.58,Retail Client,Bank Transfer,Pending,ORDT100011,Synthetic test data
2023-03-09,Turbocharger,Engine system,3,21198.65,1701.85,65297.8,Wholesale Client,Bank Transfer,Completed,ORDT100012,Synthetic test data
2023-11-21,Turbocharger,Engine system,3,22909.19,32.66,68760.23,Wholesale Client,Maya,Completed,ORDT100013,Synthetic test data
2023-10-20,Turbocharger,Engine system,5,11477.18,1413.99,58799.89,Wholesale Client,GCash,Completed,ORDT100014,Synthetic test data
2023-12-09,Turbocharger,Engine system,5,22120.23,1984.03,112585.18,Retail Client,GCash,Completed,ORDT100015,Synthetic test data
2023-02-19,Turbocharger,Engine system,2,16234.76,969.88,33439.4,Wholesale Client,Bank Transfer,Completed,ORDT100016,Synthetic test data
2023-01-28,Turbocharger,Engine system,2,11438.44,505.63,23382.51,Wholesale Client,Bank Transfer,Completed,ORDT100017,Synthetic test data
2023-07-01,Turbocharger,Engine system,1,18964.27,675.69,19639.96,Retail Client,GCash,Completed,ORDT100018,Synthetic test data
2023-10-12,Turbocharger,Engine system,4,22377.18,814.35,90323.07,Retail Client,Bank Transfer,Completed,ORDT100019,Synthetic test data
2023-05-22,Turbocharger,Engine system,3,18053.6,758.16,54918.96,Wholesale Client,Cash,Completed,ORDT100020,Synthetic test data
2023-04-27,Turbocharger,Engine system,3,5523.68,1376.7,17947.74,Retail Client,Cash,Completed,ORDT100021,Synthetic test data
2023-01-10,Turbocharger,Engine system,4,18809.97,528.9,75768.78,Retail Client,Maya,Cancelled,ORDT100022,Synthetic test data
2023-11-17,Turbocharger,Engine system,2,16572.51,679.69,33824.71,Wholesale Client,GCash,Completed,ORDT100023,Synthetic test data
2023-10-28,Turbocharger,Engine system,5,7695.57,1066.23,39544.08,Wholesale Client,Cash,Completed,ORDT100024,Synthetic test data
2023-01-15,Turbocharger,Engine system,3,15626.64,726.9,47606.82,Retail Client,GCash,Completed,ORDT100025,Synthetic test data
2023-07-29,Turbocharger,Engine system,1,19355.66,1674.19,21029.85,Wholesale Client,GCash,Completed,ORDT100026,Synthetic test data
2023-11-15,Turbocharger,Engine system,1,14616.17,354.22,14970.39,Wholesale Client,Maya,Completed,ORDT100027,Synthetic test data
2023-03-17,Turbocharger,Engine system,3,6803.75,761.71,21172.96,Wholesale Client,Cash,Completed,ORDT100028,Synthetic test data
2023-08-12,Turbocharger,Engine system,3,12028.58,1309.77,37395.51,Retail Client,Check,Completed,ORDT100029,Synthetic test data
2023-11-15,Turbocharger,Engine system,4,7940.91,445.27,32208.91,Wholesale Client,GCash,Completed,ORDT100030,Synthetic test data
2023-12-19,Turbocharger,Engine system,4,22402.84,158.59,89769.95,Retail Client,Bank Transfer,Completed,ORDT100031,Synthetic test data
2023-08-09,Turbocharger,Engine system,1,24541.55,231.43,24772.98,Retail Client,GCash,Completed,ORDT100032,Synthetic test data
2023-05-07,Turbocharger,Engine system,3,16029.71,1147.91,49237.04,Retail Client,Bank Transfer,Completed,ORDT100033,Synthetic test data
2023-11-17,Turbocharger,Engine system,1,16813.97,733.93,17547.9,Wholesale Client,Bank Transfer,Completed,ORDT100034,Synthetic test data
2023-03-04,Turbocharger,Engine system,1,8101.94,1270.62,9372.56,Wholesale Client,Check,Completed,ORDT100035,Synthetic test data
2023-08-03,Turbocharger,Engine system,4,16353.61,287.79,65702.23,Wholesale Client,Check,Completed,ORDT100036,Synthetic test data
2023-11-05,Turbocharger,Engine system,2,6846.34,1906.28,15598.96,Retail Client,Maya,Completed,ORDT100037,Synthetic test data
2023-01-18,Turbocharger,Engine system,4,17133.31,635.85,69169.09,Retail Client,GCash,Completed,ORDT100038,Synthetic test data
2023-08-26,Turbocharger,Engine system,5,20975.46,304.43,105181.73,Wholesale Client,Check,Pending,ORDT100039,Synthetic test data
2023-10-03,Turbocharger,Engine system,1,21928.17,1966.15,23894.32,Retail Client,GCash,Completed,ORDT100040,Synthetic test data
2023-07-22,Turbocharger,Engine system,1,8118.1,784.78,8902.88,Retail Client,Check,Completed,ORDT100041,Synthetic test data
2023-07-08,Turbocharger,Engine system,4,16951.66,1688.57,69495.21,Retail Client,Maya,Completed,ORDT100042,Synthetic test data
2023-05-18,Turbocharger,Engine system,3,10400.14,1685.82,32886.24,Retail Client,Check,Completed,ORDT100043,Synthetic test data
2023-10-18,Turbocharger,Engine system,1,15886.54,1001.57,16888.11,Retail Client,Check,Completed,ORDT100044,Synthetic test data
2023-07-08,Turbocharger,Engine system,5,22592.2,490.89,113451.89,Retail Client,Bank Transfer,Completed,ORDT100045,Synthetic test data
2023-02-21,Turbocharger,Engine system,3,16356.74,90.71,49160.93,Retail Client,Bank Transfer,Completed,ORDT100046,Synthetic test data
2023-09-02,Turbocharger,Engine system,1,13282.38,219.8,13502.18,Wholesale Client,GCash,Pending,ORDT100047,Synthetic test data
2023-09-03,Turbocharger,Engine system,4,20214.33,556.27,81413.59,Retail Client,Cash,Completed,ORDT100048,Synthetic test data
2023-12-17,Turbocharger,Engine system,5,18819.31,1615.82,95712.37,Retail Client,Check,Pending,ORDT100049,Synthetic test data
2023-05-15,Turbocharger,Engine system,1,9045.44,111.64,9157.08,Retail Client,Maya,Completed,ORDT100050,Synthetic test data
2023-03-28,Turbocharger,Engine system,2,8118.6,1967.97,18205.17,Retail Client,Maya,Completed,ORDT100051,Synthetic test data
2023-10-16,Turbocharger,Engine system,4,11119.31,950.65,45427.89,Wholesale Client,Cash,Completed,ORDT100052,Synthetic test data
2023-12-01,Turbocharger,Engine system,2,19434.86,1758.66,40628.38,Wholesale Client,Cash,Completed,ORDT100053,Synthetic test data
2023-11-18,Turbocharger,Engine system,3,19185.16,959.31,58514.79,Wholesale Client,Maya,Completed,ORDT100054,Synthetic test data
2023-09-14,Turbocharger,Engine system,3,23042.31,836.05,69962.98,Wholesale Client,Cash,Completed,ORDT100055,Synthetic test data
2023-01-30,Turbocharger,Engine system,1,11175.06,1029.47,12204.53,Retail Client,Bank Transfer,Completed,ORDT100056,Synthetic test data
2023-01-28,Turbocharger,Engine system,3,17541.27,149.35,52773.16,Retail Client,Maya,Completed,ORDT100057,Synthetic test data
2023-04-24,Turbocharger,Engine system,1,17060.01,853.23,17913.24,Wholesale Client,Bank Transfer,Completed,ORDT100058,Synthetic test data
2023-04-04,Turbocharger,Engine system,3,11359.32,527.81,34605.77,Wholesale Client,Bank Transfer,Completed,ORDT100059,Synthetic test data
2023-12-21,Turbocharger,Engine system,1,12607.48,714.08,13321.56,Retail Client,Bank Transfer,Pending,ORDT100060,Synthetic test data
2023-10-06,Turbocharger,Engine system,3,19894.02,1477.44,61159.5,Wholesale Client,Maya,Pending,ORDT100061,Synthetic test data
2023-05-12,Turbocharger,Engine system,1,15901.43,1339.26,17240.69,Wholesale Client,Bank Transfer,Completed,ORDT100062,Synthetic test data
2023-02-02,Turbocharger,Engine system,3,18545.15,1075.75,56711.2,Wholesale Client,Cash,Completed,ORDT100063,Synthetic test data
2023-05-29,Turbocharger,Engine system,2,7964.98,28.97,15958.93,Retail Client,Bank Transfer,Completed,ORDT100064,Synthetic test data
2023-04-01,Turbocharger,Engine system,1,18644.78,1615.99,20260.77,Retail Client,Check,Completed,ORDT100065,Synthetic test data
2023-03-25,Turbocharger,Engine system,4,9193.42,859.4,37633.08,Retail Client,Cash,Completed,ORDT100066,Synthetic test data
2023-04-19,Turbocharger,Engine system,2,9708.14,1156.55,20572.83,Retail Client,Cash,Completed,ORDT100067,Synthetic test data
2023-04-28,Turbocharger,Engine system,5,16447.95,1565.01,83804.76,Wholesale Client,GCash,Completed,ORDT100068,Synthetic test data
2023-05-07,Turbocharger,Engine system,5,19243.14,197.74,96413.44,Wholesale Client,Cash,Completed,ORDT100069,Synthetic test data
2023-04-18,Turbocharger,Engine system,1,22757.6,483.97,23241.57,Wholesale Client,Check,Cancelled,ORDT100070,Synthetic test data
2023-12-12,Turbocharger,Engine system,5,17262.36,1437.73,87749.53,Retail Client,Check,Completed,ORDT100071,Synthetic test data
2023-04-26,Turbocharger,Engine system,2,21882.86,1214.18,44979.9,Wholesale Client,Maya,Completed,ORDT100072,Synthetic test data
2023-10-25,Turbocharger,Engine system,2,8723.7,1715.31,19162.71,Retail Client,Bank Transfer,Completed,ORDT100073,Synthetic test data
2023-04-23,Turbocharger,Engine system,3,11265.64,45.44,33842.36,Wholesale Client,Bank Transfer,Completed,ORDT100074,Synthetic test data
2023-01-07,Turbocharger,Engine system,5,10218.31,1195.81,52287.36,Retail Client,Check,Completed,ORDT100075,Synthetic test data
2023-01-18,Turbocharger,Engine system,1,5641.77,1921.73,7563.5,Wholesale Client,Bank Transfer,Completed,ORDT100076,Synthetic test data
2023-05-22,Turbocharger,Engine system,4,13289.89,34.07,53193.63,Retail Client,Maya,Completed,ORDT100077,Synthetic test data
2023-03-31,Turbocharger,Engine system,3,7526.84,917.41,23497.93,Wholesale Client,Maya,Completed,ORDT100078,Synthetic test data
2023-02-18,Turbocharger,Engine system,2,22515.11,618.38,45648.6,Wholesale Client,Bank Transfer,Completed,ORDT100079,Synthetic test data
2023-05-31,Turbocharger,Engine system,1,8051.21,389.35,8440.56,Wholesale Client,Cash,Completed,ORDT100080,Synthetic test data
2023-12-15,Turbocharger,Engine system,3,23786.03,1785.53,73143.62,Wholesale Client,Maya,Pending,ORDT100081,Synthetic test data
2023-07-24,Turbocharger,Engine system,5,16967.33,1135.51,85972.16,Retail Client,Check,Completed,ORDT100082,Synthetic test data
2023-11-03,Turbocharger,Engine system,3,6105.54,1681.22,19997.84,Retail Client,GCash,Completed,ORDT100083,Synthetic test data
2023-06-27,Turbocharger,Engine system,1,18037.27,125.45,18162.72,Retail Client,Bank Transfer,Completed,ORDT100084,Synthetic test data
2023-12-01,Turbocharger,Engine system,3,10267.56,1230.08,32032.76,Wholesale Client,Bank Transfer,Completed,ORDT100085,Synthetic test data
2023-11-11,Turbocharger,Engine system,2,10240.58,453.95,20935.11,Retail Client,Cash,Completed,ORDT100086,Synthetic test data
2023-06-12,Turbocharger,Engine system,2,16818.58,495.01,34132.17,Retail Client,Check,Completed,ORDT100087,Synthetic test data
2023-03-01,Turbocharger,Engine system,4,24482.17,1132.93,99061.61,Retail Client,Bank Transfer,Completed,ORDT100088,Synthetic test data
2023-06-30,Turbocharger,Engine system,1,11520.5,1455.66,12976.16,Retail Client,Bank Transfer,Completed,ORDT100089,Synthetic test data
2023-08-21,Turbocharger,Engine system,2,10407.98,939.5,21755.46,Wholesale Client,Cash,Completed,ORDT100090,Synthetic test data
2023-12-13,Turbocharger,Engine system,5,21004.0,841.2,105861.2,Wholesale Client,Maya,Completed,ORDT100091,Synthetic test data
2023-04-05,Turbocharger,Engine system,4,8028.67,686.19,32800.87,Retail Client,GCash,Completed,ORDT100092,Synthetic test data
2023-08-02,Turbocharger,Engine system,3,18127.0,619.69,55000.69,Retail Client,Check,Completed,ORDT100093,Synthetic test data
2023-09-06,Turbocharger,Engine system,4,15705.09,1841.07,64661.43,Wholesale Client,Check,Completed,ORDT100094,Synthetic test data
2023-01-07,Turbocharger,Engine system,3,16315.59,1564.18,50510.95,Wholesale Client,Cash,Completed,ORDT100095,Synthetic test data
2023-02-18,Turbocharger,Engine system,2,5428.06,706.71,11562.83,Retail Client,Maya,Completed,ORDT100096,Synthetic test data
2023-03-27,Turbocharger,Engine system,5,23211.8,464.1,116523.1,Wholesale Client,Cash,Completed,ORDT100097,Synthetic test data
2023-07-21,Turbocharger,Engine system,1,24093.46,1927.68,26021.14,Retail Client,GCash,Pending,ORDT100098,Synthetic test data
2023-03-10,Turbocharger,Engine system,3,22446.88,693.26,68033.9,Wholesale Client,Cash,Completed,ORDT100099,Synthetic test data
2023-08-20,Turbocharger,Engine system,4,14712.86,683.2,59534.64,Retail Client,GCash,Completed,ORDT100100,Synthetic test data
2023-06-22,Turbocharger,Engine system,5,20070.44,1530.63,101882.83,Wholesale Client,Check,Completed,ORDT100101,Synthetic test data
2023-12-02,Turbocharger,Engine system,4,11267.18,774.14,45842.86,Wholesale Client,GCash,Completed,ORDT100102,Synthetic test data
2023-11-18,Turbocharger,Engine system,4,19190.28,204.4,76965.52,Retail Client,Cash,Completed,ORDT100103,Synthetic test data
2023-09-01,Turbocharger,Engine system,3,12758.57,772.99,39048.7,Retail Client,Check,Completed,ORDT100104,Synthetic test data
2023-09-05,Turbocharger,Engine system,4,5937.54,1067.86,24818.02,Retail Client,GCash,Completed,ORDT100105,Synthetic test data
2023-08-27,Turbocharger,Engine system,3,5706.9,1889.07,19009.77,Wholesale Client,GCash,Completed,ORDT100106,Synthetic test data
2023-02-24,Turbocharger,Engine system,2,16853.9,499.8,34207.6,Wholesale Client,Bank Transfer,Completed,ORDT100107,Synthetic test data
2023-03-12,Turbocharger,Engine system,4,10938.53,709.12,44463.24,Wholesale Client,GCash,Completed,ORDT100108,Synthetic test data
2023-04-30,Turbocharger,Engine system,5,5616.88,1078.69,29163.09,Wholesale Client,Bank Transfer,Completed,ORDT100109,Synthetic test data
2023-12-24,Turbocharger,Engine system,5,21010.06,1486.52,106536.82,Wholesale Client,Maya,Completed,ORDT100110,Synthetic test data
2023-10-11,Turbocharger,Engine system,4,24214.6,882.27,97740.67,Wholesale Client,Cash,Pending,ORDT100111,Synthetic test data
2023-02-01,Turbocharger,Engine system,4,12618.78,1160.15,51635.27,Retail Client,Bank Transfer,Completed,ORDT100112,Synthetic test data
2023-03-31,Turbocharger,Engine system,1,14645.17,1449.49,16094.66,Wholesale Client,Cash,Completed,ORDT100113,Synthetic test data
2023-12-19,Turbocharger,Engine system,1,22760.46,1550.44,24310.9,Retail Client,Check,Completed,ORDT100114,Synthetic test data
2023-03-05,Turbocharger,Engine system,4,12265.19,220.61,49281.37,Retail Client,Maya,Completed,ORDT100115,Synthetic test data
2023-07-17,Turbocharger,Engine system,4,8976.28,856.13,36761.25,Wholesale Client,Check,Completed,ORDT100116,Synthetic test data
2023-05-04,Turbocharger,Engine system,5,16291.2,59.14,81515.14,Retail Client,GCash,Completed,ORDT100117,Synthetic test data
2023-08-24,Turbocharger,Engine system,2,12233.88,1275.97,25743.73,Wholesale Client,Check,Cancelled,ORDT100118,Synthetic test data
2023-04-26,Turbocharger,Engine system,2,9058.4,1773.96,19890.76,Retail Client,GCash,Completed,ORDT100119,Synthetic test data
2023-10-08,Turbocharger,Engine system,2,17414.24,1670.76,36499.24,Retail Client,Check,Completed,ORDT100120,Synthetic test data
2023-08-16,Turbocharger,Engine system,4,7618.37,1241.31,31714.79,Retail Client,GCash,Pending,ORDT100121,Synthetic test data
2023-01-21,Turbocharger,Engine system,2,10106.08,525.26,20737.42,Wholesale Client,Maya,Completed,ORDT100122,Synthetic test data
2023-11-30,Turbocharger,Engine system,2,12120.24,472.58,24713.06,Wholesale Client,Cash,Completed,ORDT100123,Synthetic test data
2023-10-29,Turbocharger,Engine system,5,22974.37,1213.47,116085.32,Retail Client,Bank Transfer,Completed,ORDT100124,Synthetic test data
2023-04-04,Turbocharger,Engine system,3,24466.08,1602.34,75000.58,Retail Client,GCash,Completed,ORDT100125,Synthetic test data
2023-03-18,Turbocharger,Engine system,4,8684.1,1075.48,35811.88,Wholesale Client,GCash,Pending,ORDT100126,Synthetic test data
2023-10-17,Turbocharger,Engine system,2,24276.35,1962.97,50515.67,Wholesale Client,Check,Completed,ORDT100127,Synthetic test data
2023-03-16,Turbocharger,Engine system,1,16857.11,1996.72,18853.83,Retail Client,Maya,Completed,ORDT100128,Synthetic test data
2023-12-30,Turbocharger,Engine system,1,24876.53,439.35,25315.88,Wholesale Client,Bank Transfer,Pending,ORDT100129,Synthetic test data
2023-11-23,Turbocharger,Engine system,1,6234.42,997.24,7231.66,Wholesale Client,GCash,Pending,ORDT100130,Synthetic test data
2023-11-22,Turbocharger,Engine system,4,21824.86,1045.58,88345.02,Wholesale Client,Check,Completed,ORDT100131,Synthetic test data
2023-12-13,Turbocharger,Engine system,4,9710.68,1658.1,40500.82,Retail Client,GCash,Completed,ORDT100132,Synthetic test data
2023-03-15,Turbocharger,Engine system,1,12144.4,592.74,12737.14,Retail Client,GCash,Completed,ORDT100133,Synthetic test data
2023-02-19,Turbocharger,Engine system,5,9446.19,836.31,48067.26,Retail Client,Check,Completed,ORDT100134,Synthetic test data
2023-10-07,Turbocharger,Engine system,5,9932.5,753.24,50415.74,Retail Client,Bank Transfer,Pending,ORDT100135,Synthetic test data
2023-02-20,Turbocharger,Engine system,2,5458.85,499.0,11416.7,Wholesale Client,GCash,Pending,ORDT100136,Synthetic test data
2023-04-09,Turbocharger,Engine system,5,20363.22,87.56,101903.66,Retail Client,Check,Completed,ORDT100137,Synthetic test data
2023-07-16,Turbocharger,Engine system,4,23847.65,1770.09,97160.69,Wholesale Client,GCash,Completed,ORDT100138,Synthetic test data
2023-10-28,Turbocharger,Engine system,4,7566.47,1794.56,32060.44,Retail Client,Check,Completed,ORDT100139,Synthetic test data
2023-06-26,Turbocharger,Engine system,4,16829.1,1295.47,68611.87,Retail Client,Check,Completed,ORDT100140,Synthetic test data
2023-11-23,Turbocharger,Engine system,5,13272.61,442.24,66805.29,Wholesale Client,Check,Completed,ORDT100141,Synthetic test data
2023-04-29,Turbocharger,Engine system,2,22299.79,1144.53,45744.11,Wholesale Client,Cash,Completed,ORDT100142,Synthetic test data
2023-08-12,Turbocharger,Engine system,2,21382.49,1263.49,44028.47,Wholesale Client,Cash,Completed,ORDT100143,Synthetic test data
2023-01-14,Turbocharger,Engine system,3,14281.94,49.73,42895.55,Retail Client,Check,Completed,ORDT100144,Synthetic test data
2023-05-12,Turbocharger,Engine system,5,14023.15,373.54,70489.29,Retail Client,Cash,Completed,ORDT100145,Synthetic test data
2023-03-09,Turbocharger,Engine system,5,18132.97,964.06,91628.91,Wholesale Client,Check,Completed,ORDT100146,Synthetic test data
2023-01-12,Turbocharger,Engine system,3,15708.32,103.92,47228.88,Retail Client,GCash,Completed,ORDT100147,Synthetic test data
2023-06-05,Turbocharger,Engine system,5,6474.22,929.89,33300.99,Wholesale Client,Check,Completed,ORDT100148,Synthetic test data
2023-03-21,Turbocharger,Engine system,4,6106.9,1786.55,26214.15,Wholesale Client,Maya,Completed,ORDT100149,Synthetic test data
2023-11-05,Turbocharger,Engine system,2,6320.6,120.29,12761.49,Retail Client,Check,Completed,ORDT100150,Synthetic test data
2023-04-18,Turbocharger,Engine system,3,19770.45,201.26,59512.61,Retail Client,Check,Completed,ORDT100151,Synthetic test data
2023-04-19,Turbocharger,Engine system,1,19121.74,375.96,19497.7,Wholesale Client,Cash,Completed,ORDT100152,Synthetic test data
2023-09-27,Turbocharger,Engine system,3,22617.14,878.89,68730.31,Retail Client,Bank Transfer,Completed,ORDT100153,Synthetic test data
2023-10-21,Turbocharger,Engine system,2,24692.64,1838.69,51223.97,Wholesale Client,GCash,Completed,ORDT100154,Synthetic test data
2023-12-18,Turbocharger,Engine system,1,7721.99,1719.13,9441.12,Retail Client,Cash,Completed,ORDT100155,Synthetic test data
2023-10-24,Turbocharger,Engine system,3,15340.46,860.69,46882.07,Retail Client,Bank Transfer,Completed,ORDT100156,Synthetic test data
2023-04-18,Turbocharger,Engine system,5,19874.29,94.89,99466.34,Retail Client,GCash,Completed,ORDT100157,Synthetic test data
2023-07-08,Turbocharger,Engine system,5,18314.12,217.53,91788.13,Wholesale Client,Check,Completed,ORDT100158,Synthetic test data
2023-04-15,Turbocharger,Engine system,2,15488.22,1202.69,32179.13,Retail Client,Check,Completed,ORDT100159,Synthetic test data
2023-04-22,Turbocharger,Engine system,5,7808.11,290.99,39331.54,Retail Client,GCash,Completed,ORDT100160,Synthetic test data
2023-03-30,Turbocharger,Engine system,2,6010.84,248.38,12270.06,Retail Client,GCash,Completed,ORDT100161,Synthetic test data
2023-01-26,Turbocharger,Engine system,4,15002.23,323.46,60332.38,Retail Client,Cash,Completed,ORDT100162,Synthetic test data
2023-07-24,Turbocharger,Engine system,2,5947.01,1631.64,13525.66,Retail Client,Check,Completed,ORDT100163,Synthetic test data
2023-10-16,Turbocharger,Engine system,4,24724.86,901.82,99801.26,Wholesale Client,Bank Transfer,Completed,ORDT100164,Synthetic test data
2023-07-11,Turbocharger,Engine system,5,5127.26,1830.49,27466.79,Retail Client,GCash,Completed,ORDT100165,Synthetic test data
2023-01-23,Turbocharger,Engine system,4,9658.98,1740.51,40376.43,Wholesale Client,GCash,Completed,ORDT100166,Synthetic test data
2023-06-12,Turbocharger,Engine system,3,6877.19,37.03,20668.6,Retail Client,Check,Completed,ORDT100167,Synthetic test data
2023-11-26,Turbocharger,Engine system,4,12945.58,1946.19,53728.51,Retail Client,Cash,Completed,ORDT100168,Synthetic test data
2023-10-19,Turbocharger,Engine system,5,15626.17,741.42,78872.27,Retail Client,GCash,Completed,ORDT100169,Synthetic test data
2023-12-11,Turbocharger,Engine system,1,8236.73,464.65,8701.38,Wholesale Client,Cash,Completed,ORDT100170,Synthetic test data
2023-07-23,Turbocharger,Engine system,3,23860.47,1852.31,73433.72,Wholesale Client,GCash,Completed,ORDT100171,Synthetic test data
2023-08-07,Turbocharger,Engine system,1,20205.23,576.9,20782.13,Retail Client,Maya,Pending,ORDT100172,Synthetic test data
2023-10-08,Turbocharger,Engine system,5,20666.17,947.79,104278.64,Retail Client,GCash,Completed,ORDT100173,Synthetic test data
2023-08-08,Turbocharger,Engine system,1,11237.98,1628.36,12866.34,Retail Client,Maya,Completed,ORDT100174,Synthetic test data
2023-07-07,Turbocharger,Engine system,3,7137.14,570.5,21981.92,Retail Client,GCash,Completed,ORDT100175,Synthetic test data
2023-01-15,Turbocharger,Engine system,5,11442.36,1948.81,59160.61,Retail Client,Check,Completed,ORDT100176,Synthetic test data
2023-04-27,Turbocharger,Engine system,3,17036.44,364.15,51473.47,Retail Client,Bank Transfer,Completed,ORDT100177,Synthetic test data
2023-05-29,Turbocharger,Engine system,3,11870.43,439.71,36051.0,Wholesale Client,Maya,Pending,ORDT100178,Synthetic test data
2023-08-29,Turbocharger,Engine system,3,24278.85,995.25,73831.8,Wholesale Client,Maya,Completed,ORDT100179,Synthetic test data
2023-09-13,Turbocharger,Engine system,4,13331.63,1905.05,55231.57,Wholesale Client,Maya,Completed,ORDT100180,Synthetic test data
2023-04-17,Turbocharger,Engine system,3,17304.05,168.74,52080.89,Retail Client,GCash,Completed,ORDT100181,Synthetic test data
2023-02-11,Turbocharger,Engine system,1,15574.28,187.86,15762.14,Retail Client,Maya,Completed,ORDT100182,Synthetic test data
2023-07-09,Turbocharger,Engine system,2,21514.07,879.19,43907.33,Retail Client,Bank Transfer,Completed,ORDT100183,Synthetic test data
2023-08-07,Turbocharger,Engine system,2,10983.84,383.43,22351.11,Retail Client,Check,Completed,ORDT100184,Synthetic test data
2023-10-18,Turbocharger,Engine system,5,23090.63,1397.79,116850.94,Wholesale Client,GCash,Pending,ORDT100185,Synthetic test data
2023-03-11,Turbocharger,Engine system,4,21462.9,772.74,86624.34,Wholesale Client,GCash,Completed,ORDT100186,Synthetic test data
2023-10-29,Turbocharger,Engine system,1,24778.2,672.52,25450.72,Retail Client,Check,Completed,ORDT100187,Synthetic test data
2023-01-10,Turbocharger,Engine system,5,21883.34,79.68,109496.38,Retail Client,GCash,Completed,ORDT100188,Synthetic test data
2023-02-24,Turbocharger,Engine system,3,8236.56,1223.63,25933.31,Retail Client,Maya,Completed,ORDT100189,Synthetic test data
2023-01-21,Turbocharger,Engine system,1,6247.0,1679.82,7926.82,Retail Client,Cash,Completed,ORDT100190,Synthetic test data
2023-10-03,Turbocharger,Engine system,4,15517.23,190.29,62259.21,Retail Client,Bank Transfer,Completed,ORDT100191,Synthetic test data
2023-05-02,Turbocharger,Engine system,5,15510.63,1086.84,78639.99,Retail Client,Bank Transfer,Completed,ORDT100192,Synthetic test data
2023-04-23,Turbocharger,Engine system,1,11020.51,901.35,11921.86,Retail Client,GCash,Pending,ORDT100193,Synthetic test data
2023-02-25,Turbocharger,Engine system,2,8717.26,1124.15,18558.67,Retail Client,Maya,Completed,ORDT100194,Synthetic test data
2023-02-19,Turbocharger,Engine system,5,15270.14,1939.97,78290.67,Wholesale Client,Maya,Cancelled,ORDT100195,Synthetic test data
2023-11-19,Turbocharger,Engine system,3,19149.66,1637.31,59086.29,Retail Client,Cash,Completed,ORDT100196,Synthetic test data
2023-02-26,Turbocharger,Engine system,1,14643.19,963.84,15607.03,Retail Client,Maya,Completed,ORDT100197,Synthetic test data
2023-10-26,Turbocharger,Engine system,3,24617.89,1891.14,75744.81,Wholesale Client,Bank Transfer,Completed,ORDT100198,Synthetic test data
2023-02-01,Turbocharger,Engine system,3,8633.32,1630.17,27530.13,Wholesale Client,Check,Completed,ORDT100199,Synthetic test data
2023-04-15,Turbocharger,Engine system,3,15230.94,1217.73,46910.55,Retail Client,Check,Completed,ORDT100200,Synthetic test data
2023-12-03,Turbocharger,Engine system,3,11193.6,761.28,34342.08,Retail Client,GCash,Completed,ORDT100201,Synthetic test data
2023-03-31,Turbocharger,Engine system,2,6931.84,781.77,14645.45,Wholesale Client,Maya,Completed,ORDT100202,Synthetic test data
2023-04-26,Turbocharger,Engine system,1,20427.2,243.8,20671.0,Wholesale Client,Bank Transfer,Completed,ORDT100203,Synthetic test data
2023-07-05,Turbocharger,Engine system,4,21987.4,19.41,87969.01,Retail Client,Bank Transfer,Completed,ORDT100204,Synthetic test data
2023-03-09,Turbocharger,Engine system,3,20837.13,1844.25,64355.64,Retail Client,Bank Transfer,Completed,ORDT100205,Synthetic test data
2023-10-08,Turbocharger,Engine system,1,18444.76,1146.43,19591.19,Wholesale Client,Maya,Completed,ORDT100206,Synthetic test data
2023-01-26,Turbocharger,Engine system,2,8684.74,840.41,18209.89,Retail Client,Cash,Completed,ORDT100207,Synthetic test data
2023-12-30,Turbocharger,Engine system,4,23057.7,839.38,93070.18,Wholesale Client,Bank Transfer,Completed,ORDT100208,Synthetic test data
2023-12-24,Turbocharger,Engine system,3,8572.52,1350.73,27068.29,Retail Client,Maya,Completed,ORDT100209,Synthetic test data
2023-12-02,Turbocharger,Engine system,2,12807.47,1927.99,27542.93,Wholesale Client,Maya,Completed,ORDT100210,Synthetic test data
2023-01-09,Turbocharger,Engine system,1,10097.11,821.53,10918.64,Wholesale Client,Cash,Completed,ORDT100211,Synthetic test data
2023-09-02,Turbocharger,Engine system,5,13858.78,1056.56,70350.46,Retail Client,GCash,Completed,ORDT100212,Synthetic test data
2023-01-26,Turbocharger,Engine system,4,21990.73,360.86,88323.78,Retail Client,Maya,Completed,ORDT100213,Synthetic test data
2023-01-29,Turbocharger,Engine system,3,23567.95,1966.8,72670.65,Retail Client,GCash,Completed,ORDT100214,Synthetic test data
2023-08-17,Turbocharger,Engine system,5,18385.84,314.27,92243.47,Retail Client,Cash,Completed,ORDT100215,Synthetic test data
2023-09-10,Turbocharger,Engine system,1,7965.7,72.73,8038.43,Retail Client,Check,Completed,ORDT100216,Synthetic test data
2023-02-17,Turbocharger,Engine system,1,21679.19,733.72,22412.91,Wholesale Client,Maya,Completed,ORDT100217,Synthetic test data
2023-02-17,Turbocharger,Engine system,4,7744.31,162.99,31140.23,Wholesale Client,GCash,Completed,ORDT100218,Synthetic test data
2023-12-17,Turbocharger,Engine system,3,13958.82,788.88,42665.34,Retail Client,Cash,Completed,ORDT100219,Synthetic test data
2023-04-18,Turbocharger,Engine system,2,13003.52,263.42,26270.46,Wholesale Client,Bank Transfer,Completed,ORDT100220,Synthetic test data
2023-11-15,Turbocharger,Engine system,3,9131.41,1631.04,29025.27,Retail Client,Cash,Completed,ORDT100221,Synthetic test data
2023-08-12,Turbocharger,Engine system,2,24215.8,1336.13,49767.73,Retail Client,Maya,Pending,ORDT100222,Synthetic test data
2023-04-30,Turbocharger,Engine system,5,16972.84,1116.14,85980.34,Wholesale Client,Cash,Completed,ORDT100223,Synthetic test data
2023-06-09,Turbocharger,Engine system,1,6702.81,1346.98,8049.79,Retail Client,GCash,Completed,ORDT100224,Synthetic test data
2023-03-19,Turbocharger,Engine system,3,24575.28,1438.51,75164.35,Retail Client,Check,Completed,ORDT100225,Synthetic test data
2023-03-30,Turbocharger,Engine system,1,16060.7,871.25,16931.95,Wholesale Client,Cash,Completed,ORDT100226,Synthetic test data
2023-11-19,Turbocharger,Engine system,1,8881.11,601.72,9482.83,Retail Client,Bank Transfer,Completed,ORDT100227,Synthetic test data
2023-04-10,Turbocharger,Engine system,1,17390.17,1275.57,18665.74,Retail Client,Check,Completed,ORDT100228,Synthetic test data
2023-09-15,Turbocharger,Engine system,4,21779.61,1867.45,88985.89,Retail Client,Maya,Completed,ORDT100229,Synthetic test data
2023-10-31,Turbocharger,Engine system,4,13799.49,448.57,55646.53,Retail Client,Cash,Completed,ORDT100230,Synthetic test data
2023-01-05,Turbocharger,Engine system,4,23134.18,436.62,92973.34,Wholesale Client,Check,Completed,ORDT100231,Synthetic test data
2023-01-27,Turbocharger,Engine system,4,19914.26,1454.97,81112.01,Retail Client,Check,Completed,ORDT100232,Synthetic test data
2023-01-21,Turbocharger,Engine system,3,18962.94,1950.9,58839.72,Retail Client,Bank Transfer,Completed,ORDT100233,Synthetic test data
2023-06-27,Turbocharger,Engine system,3,20609.84,1708.9,63538.42,Retail Client,Bank Transfer,Completed,ORDT100234,Synthetic test data
2023-07-12,Turbocharger,Engine system,1,6848.82,272.41,7121.23,Wholesale Client,Check,Completed,ORDT100235,Synthetic test data
2023-07-01,Turbocharger,Engine system,3,14140.25,685.68,43106.43,Wholesale Client,Bank Transfer,Completed,ORDT100236,Synthetic test data
2023-01-26,Turbocharger,Engine system,2,17053.88,651.83,34759.59,Retail Client,Check,Completed,ORDT100237,Synthetic test data
2023-05-31,Turbocharger,Engine system,1,18976.03,99.28,19075.31,Wholesale Client,Check,Completed,ORDT100238,Synthetic test data
2023-10-02,Turbocharger,Engine system,3,17284.7,1147.31,53001.41,Retail Client,Check,Completed,ORDT100239,Synthetic test data
2023-03-07,Turbocharger,Engine system,5,17196.6,509.54,86492.54,Wholesale Client,GCash,Completed,ORDT100240,Synthetic test data
2023-04-16,Turbocharger,Engine system,2,15035.15,1083.88,31154.18,Wholesale Client,GCash,Completed,ORDT100241,Synthetic test data
2023-11-27,Turbocharger,Engine system,3,5237.19,1991.64,17703.21,Wholesale Client,Check,Pending,ORDT100242,Synthetic test data
2023-12-10,Turbocharger,Engine system,1,14576.6,64.38,14640.98,Retail Client,GCash,Pending,ORDT100243,Synthetic test data
2023-12-03,Turbocharger,Engine system,5,17222.67,1953.05,88066.4,Retail Client,Bank Transfer,Completed,ORDT100244,Synthetic test data
2023-03-17,Turbocharger,Engine system,1,10544.14,66.73,10610.87,Retail Client,Maya,Completed,ORDT100245,Synthetic test data
2023-09-28,Turbocharger,Engine system,4,21020.54,828.03,84910.19,Retail Client,Check,Completed,ORDT100246,Synthetic test data
2023-06-16,Turbocharger,Engine system,1,22097.25,1520.59,23617.84,Wholesale Client,GCash,Completed,ORDT100247,Synthetic test data
2023-07-15,Turbocharger,Engine system,3,11766.31,1401.02,36699.95,Wholesale Client,Maya,Completed,ORDT100248,Synthetic test data
2023-06-11,Turbocharger,Engine system,4,20247.93,1318.94,82310.66,Retail Client,Cash,Completed,ORDT100249,Synthetic test data
2023-06-06,Turbocharger,Engine system,2,23547.2,1988.25,49082.65,Retail Client,Cash,Completed,ORDT100250,Synthetic test data
2023-08-06,Turbocharger,Engine system,4,15047.06,819.58,61007.82,Wholesale Client,Bank Transfer,Completed,ORDT100251,Synthetic test data
2023-01-09,Turbocharger,Engine system,1,23344.6,1007.35,24351.95,Wholesale Client,Cash,Completed,ORDT100252,Synthetic test data
2023-10-27,Turbocharger,Engine system,1,9036.55,1680.47,10717.02,Retail Client,Cash,Completed,ORDT100253,Synthetic test data
2023-12-03,Turbocharger,Engine system,1,18398.26,545.02,18943.28,Retail Client,Maya,Completed,ORDT100254,Synthetic test data
2023-03-07,Turbocharger,Engine system,5,14808.87,1635.78,75680.13,Wholesale Client,Maya,Completed,ORDT100255,Synthetic test data
2023-11-10,Turbocharger,Engine system,3,16009.29,1107.63,49135.5,Wholesale Client,GCash,Completed,ORDT100256,Synthetic test data
2023-06-26,Turbocharger,Engine system,3,16224.9,738.38,49413.08,Wholesale Client,Maya,Completed,ORDT100257,Synthetic test data
2023-06-19,Turbocharger,Engine system,2,17895.08,1078.21,36868.37,Wholesale Client,Bank Transfer,Cancelled,ORDT100258,Synthetic test data
2023-03-16,Turbocharger,Engine system,4,23519.92,1166.23,95245.91,Wholesale Client,Maya,Completed,ORDT100259,Synthetic test data
2023-10-06,Turbocharger,Engine system,3,7897.14,1543.96,25235.38,Retail Client,GCash,Completed,ORDT100260,Synthetic test data
2023-02-19,Turbocharger,Engine system,2,20261.71,534.26,41057.68,Retail Client,Bank Transfer,Completed,ORDT100261,Synthetic test data
2023-07-17,Turbocharger,Engine system,4,12913.87,1164.33,52819.81,Wholesale Client,Cash,Completed,ORDT100262,Synthetic test data
2023-01-13,Turbocharger,Engine system,2,5889.31,1632.88,13411.5,Retail Client,Bank Transfer,Completed,ORDT100263,Synthetic test data
2023-12-31,Turbocharger,Engine system,1,12756.79,1608.39,14365.18,Retail Client,Bank Transfer,Completed,ORDT100264,Synthetic test data
2023-10-19,Turbocharger,Engine system,2,6522.34,1628.25,14672.93,Retail Client,Check,Completed,ORDT100265,Synthetic test data
2023-11-21,Turbocharger,Engine system,4,21367.84,726.74,86198.1,Wholesale Client,Bank Transfer,Completed,ORDT100266,Synthetic test data
2023-09-10,Turbocharger,Engine system,5,19532.87,804.18,98468.53,Wholesale Client,Check,Completed,ORDT100267,Synthetic test data
2023-12-09,Turbocharger,Engine system,2,10313.74,323.37,20950.85,Retail Client,Check,Completed,ORDT100268,Synthetic test data
2023-11-15,Turbocharger,Engine system,3,9236.95,719.56,28430.41,Wholesale Client,Check,Completed,ORDT100269,Synthetic test data
2023-12-10,Turbocharger,Engine system,2,12181.11,1338.61,25700.83,Wholesale Client,Bank Transfer,Completed,ORDT100270,Synthetic test data
2023-12-08,Turbocharger,Engine system,2,15507.18,750.71,31765.07,Wholesale Client,Bank Transfer,Completed,ORDT100271,Synthetic test data
2023-05-07,Turbocharger,Engine system,4,18058.76,1066.49,73301.53,Retail Client,Cash,Completed,ORDT100272,Synthetic test data
2023-02-25,Turbocharger,Engine system,3,6337.29,113.36,19125.23,Wholesale Client,GCash,Completed,ORDT100273,Synthetic test data
2023-11-25,Turbocharger,Engine system,1,12359.01,1183.53,13542.54,Retail Client,Maya,Completed,ORDT100274,Synthetic test data
2023-10-17,Turbocharger,Engine system,4,9749.53,1608.94,40607.06,Retail Client,Bank Transfer,Completed,ORDT100275,Synthetic test data
2023-08-10,Turbocharger,Engine system,2,22751.08,571.54,46073.7,Wholesale Client,GCash,Completed,ORDT100276,Synthetic test data
2023-02-10,Turbocharger,Engine system,5,5930.67,746.11,30399.46,Retail Client,GCash,Completed,ORDT100277,Synthetic test data
2023-04-26,Turbocharger,Engine system,4,13535.22,791.59,54932.47,Retail Client,Maya,Completed,ORDT100278,Synthetic test data
2023-06-12,Turbocharger,Engine system,4,9652.87,1374.1,39985.58,Wholesale Client,Check,Completed,ORDT100279,Synthetic test data
2023-01-05,Turbocharger,Engine system,4,6425.47,488.74,26190.62,Wholesale Client,Cash,Completed,ORDT100280,Synthetic test data
2023-05-07,Turbocharger,Engine system,2,13250.95,1009.38,27511.28,Wholesale Client,GCash,Pending,ORDT100281,Synthetic test data
2023-02-13,Turbocharger,Engine system,3,5518.96,688.5,17245.38,Retail Client,Maya,Completed,ORDT100282,Synthetic test data
2023-12-17,Turbocharger,Engine system,2,16102.85,1365.57,33571.27,Retail Client,Bank Transfer,Completed,ORDT100283,Synthetic test data
2023-10-26,Turbocharger,Engine system,4,17481.91,430.15,70357.79,Wholesale Client,Bank Transfer,Completed,ORDT100284,Synthetic test data
2023-04-17,Turbocharger,Engine system,5,10282.02,778.65,52188.75,Wholesale Client,Check,Pending,ORDT100285,Synthetic test data
2023-08-25,Turbocharger,Engine system,5,9249.94,426.75,46676.45,Retail Client,Check,Completed,ORDT100286,Synthetic test data
2023-06-09,Turbocharger,Engine system,2,20293.28,427.52,41014.08,Retail Client,Bank Transfer,Completed,ORDT100287,Synthetic test data
2023-04-10,Turbocharger,Engine system,2,9850.85,172.68,19874.38,Retail Client,Bank Transfer,Pending,ORDT100288,Synthetic test data
2023-05-14,Turbocharger,Engine system,5,22919.4,1966.62,116563.62,Retail Client,Cash,Completed,ORDT100289,Synthetic test data
2023-01-14,Turbocharger,Engine system,2,9850.52,1344.95,21045.99,Wholesale Client,Check,Completed,ORDT100290,Synthetic test data
2023-02-22,Turbocharger,Engine system,2,9373.12,84.81,18831.05,Retail Client,Maya,Completed,ORDT100291,Synthetic test data
2023-12-13,Turbocharger,Engine system,5,20259.47,1154.4,102451.75,Wholesale Client,GCash,Pending,ORDT100292,Synthetic test data
2023-06-04,Turbocharger,Engine system,3,10317.97,1667.73,32621.64,Wholesale Client,Maya,Completed,ORDT100293,Synthetic test data
2023-11-24,Turbocharger,Engine system,2,18513.42,220.08,37246.92,Wholesale Client,GCash,Completed,ORDT100294,Synthetic test data
2023-04-04,Turbocharger,Engine system,4,14016.93,1919.11,57986.83,Wholesale Client,Bank Transfer,Pending,ORDT100295,Synthetic test data
2023-10-03,Turbocharger,Engine system,5,21517.65,1003.15,108591.4,Wholesale Client,Check,Pending,ORDT100296,Synthetic test data
2023-09-28,Turbocharger,Engine system,5,17474.31,1653.56,89025.11,Retail Client,Bank Transfer,Pending,ORDT100297,Synthetic test data
2023-04-18,Turbocharger,Engine system,3,21465.46,1320.73,65717.11,Wholesale Client,Maya,Completed,ORDT100298,Synthetic test data
2023-11-22,Turbocharger,Engine system,2,24091.26,865.34,49047.86,Retail Client,Check,Completed,ORDT100299,Synthetic test data
2023-11-29,Turbocharger,Engine system,3,24709.0,375.53,74502.53,Retail Client,Maya,Completed,ORDT100300,Synthetic test data
2023-12-18,Turbocharger,Engine system,1,10984.34,923.09,11907.43,Wholesale Client,Maya,Completed,ORDT100301,Synthetic test data
2023-09-25,Turbocharger,Engine system,1,13773.52,724.54,14498.06,Wholesale Client,GCash,Completed,ORDT100302,Synthetic test data
2023-06-29,Turbocharger,Engine system,4,19510.47,1548.18,79590.06,Wholesale Client,Bank Transfer,Completed,ORDT100303,Synthetic test data
2023-03-16,Turbocharger,Engine system,3,13167.7,1207.29,40710.39,Wholesale Client,Maya,Completed,ORDT100304,Synthetic test data
2023-04-18,Turbocharger,Engine system,3,23796.01,901.01,72289.04,Wholesale Client,Maya,Completed,ORDT100305,Synthetic test data
2023-06-16,Turbocharger,Engine system,4,5428.68,47.89,21762.61,Retail Client,GCash,Completed,ORDT100306,Synthetic test data
2023-02-16,Turbocharger,Engine system,2,5632.46,1486.56,12751.48,Retail Client,Check,Completed,ORDT100307,Synthetic test data
2023-01-02,Turbocharger,Engine system,5,7819.42,1087.62,40184.72,Wholesale Client,GCash,Completed,ORDT100308,Synthetic test data
2023-07-05,Turbocharger,Engine system,1,11305.37,810.45,12115.82,Retail Client,GCash,Completed,ORDT100309,Synthetic test data
2023-07-31,Turbocharger,Engine system,2,20645.57,379.8,41670.94,Retail Client,Bank Transfer,Completed,ORDT100310,Synthetic test data
2023-01-10,Turbocharger,Engine system,2,24679.49,325.15,49684.13,Retail Client,Maya,Completed,ORDT100311,Synthetic test data
2023-07-01,Turbocharger,Engine system,4,16038.61,1154.79,65309.23,Wholesale Client,Bank Transfer,Completed,ORDT100312,Synthetic test data
2023-03-10,Turbocharger,Engine system,2,21483.83,1569.32,44536.98,Wholesale Client,Maya,Completed,ORDT100313,Synthetic test data
2023-08-31,Turbocharger,Engine system,5,17391.83,826.52,87785.67,Wholesale Client,GCash,Pending,ORDT100314,Synthetic test data
2023-05-17,Turbocharger,Engine system,2,24696.85,1094.04,50487.74,Retail Client,GCash,Completed,ORDT100315,Synthetic test data
2023-07-05,Turbocharger,Engine system,1,19459.43,958.19,20417.62,Wholesale Client,Maya,Completed,ORDT100316,Synthetic test data
2023-11-30,Turbocharger,Engine system,5,5019.09,783.51,25878.96,Retail Client,Check,Completed,ORDT100317,Synthetic test data
2023-07-18,Turbocharger,Engine system,2,7427.64,1275.7,16130.98,Retail Client,Check,Completed,ORDT100318,Synthetic test data
2023-06-20,Turbocharger,Engine system,3,19112.18,1824.82,59161.36,Wholesale Client,GCash,Pending,ORDT100319,Synthetic test data
2023-03-03,Turbocharger,Engine system,5,20826.64,1096.48,105229.68,Retail Client,Maya,Pending,ORDT100320,Synthetic test data
2023-04-18,Turbocharger,Engine system,2,13721.01,963.6,28405.62,Retail Client,Cash,Completed,ORDT100321,Synthetic test data
2023-08-30,Turbocharger,Engine system,1,9772.02,76.72,9848.74,Wholesale Client,Maya,Pending,ORDT100322,Synthetic test data
2023-09-16,Turbocharger,Engine system,3,12009.66,188.21,36217.19,Retail Client,Bank Transfer,Completed,ORDT100323,Synthetic test data
2023-07-12,Turbocharger,Engine system,1,5433.6,1739.07,7172.67,Retail Client,Check,Completed,ORDT100324,Synthetic test data
2023-06-28,Turbocharger,Engine system,4,21654.51,214.51,86832.55,Retail Client,Cash,Completed,ORDT100325,Synthetic test data
2023-09-13,Turbocharger,Engine system,5,15818.21,753.24,79844.29,Retail Client,Cash,Completed,ORDT100326,Synthetic test data
2023-12-24,Turbocharger,Engine system,3,24119.23,715.81,73073.5,Wholesale Client,GCash,Completed,ORDT100327,Synthetic test data
2023-01-18,Turbocharger,Engine system,1,8233.01,1451.3,9684.31,Wholesale Client,Bank Transfer,Completed,ORDT100328,Synthetic test data
2023-04-16,Turbocharger,Engine system,5,18311.68,302.61,91861.01,Retail Client,GCash,Completed,ORDT100329,Synthetic test data
2023-10-05,Turbocharger,Engine system,4,7013.29,252.0,28305.16,Wholesale Client,Bank Transfer,Completed,ORDT100330,Synthetic test data
2023-08-14,Turbocharger,Engine system,4,17805.78,1149.66,72372.78,Wholesale Client,Check,Completed,ORDT100331,Synthetic test data
2023-08-12,Turbocharger,Engine system,3,18833.76,113.41,56614.69,Wholesale Client,Maya,Completed,ORDT100332,Synthetic test data
2023-02-07,Turbocharger,Engine system,2,18484.41,866.56,37835.38,Wholesale Client,Maya,Completed,ORDT100333,Synthetic test data
2023-10-21,Turbocharger,Engine system,1,10450.64,356.63,10807.27,Retail Client,Check,Pending,ORDT100334,Synthetic test data
2023-11-22,Turbocharger,Engine system,3,5040.37,653.11,15774.22,Wholesale Client,Maya,Completed,ORDT100335,Synthetic test data
2023-04-26,Turbocharger,Engine system,4,20877.2,887.34,84396.14,Retail Client,Cash,Completed,ORDT100336,Synthetic test data
2023-06-21,Turbocharger,Engine system,4,10199.34,1136.99,41934.35,Wholesale Client,Maya,Completed,ORDT100337,Synthetic test data
2023-12-06,Turbocharger,Engine system,3,24659.57,1736.93,75715.64,Wholesale Client,Check,Completed,ORDT100338,Synthetic test data
2023-10-30,Turbocharger,Engine system,3,19633.72,1201.52,60102.68,Wholesale Client,Maya,Completed,ORDT100339,Synthetic test data
2023-07-23,Turbocharger,Engine system,1,20691.53,409.58,21101.11,Wholesale Client,GCash,Completed,ORDT100340,Synthetic test data
2023-01-13,Turbocharger,Engine system,3,5146.87,1815.2,17255.81,Retail Client,Bank Transfer,Completed,ORDT100341,Synthetic test data
2023-03-14,Turbocharger,Engine system,5,10282.35,1418.97,52830.72,Wholesale Client,Check,Completed,ORDT100342,Synthetic test data
2023-12-24,Turbocharger,Engine system,5,12964.78,537.04,65360.94,Wholesale Client,Check,Completed,ORDT100343,Synthetic test data
2023-09-03,Turbocharger,Engine system,2,18611.06,1347.78,38569.9,Retail Client,Bank Transfer,Completed,ORDT100344,Synthetic test data
2023-07-09,Turbocharger,Engine system,4,24894.2,832.74,100409.54,Wholesale Client,Bank Transfer,Completed,ORDT100345,Synthetic test data
2023-04-29,Turbocharger,Engine system,2,20791.08,1760.12,43342.28,Wholesale Client,Cash,Completed,ORDT100346,Synthetic test data
2023-06-28,Turbocharger,Engine system,4,14126.07,1.39,56505.67,Wholesale Client,Maya,Completed,ORDT100347,Synthetic test data
2023-02-15,Turbocharger,Engine system,4,22088.91,97.44,88453.08,Wholesale Client,Bank Transfer,Completed,ORDT100348,Synthetic test data
2023-03-10,Turbocharger,Engine system,5,17396.88,1311.35,88295.75,Retail Client,Maya,Completed,ORDT100349,Synthetic test data
2023-09-09,Turbocharger,Engine system,5,21215.26,273.75,106350.05,Wholesale Client,Bank Transfer,Completed,ORDT100350,Synthetic test data
2023-10-23,Turbocharger,Engine system,5,12519.83,1305.89,63905.04,Retail Client,Maya,Completed,ORDT100351,Synthetic test data
2023-01-27,Turbocharger,Engine system,5,5137.2,51.45,25737.45,Wholesale Client,Cash,Completed,ORDT100352,Synthetic test data
2023-03-31,Turbocharger,Engine system,5,14140.78,450.5,71154.4,Retail Client,Cash,Completed,ORDT100353,Synthetic test data
2023-07-21,Turbocharger,Engine system,2,15523.33,1069.17,32115.83,Retail Client,Bank Transfer,Completed,ORDT100354,Synthetic test data
2023-04-27,Turbocharger,Engine system,2,9700.07,1817.18,21217.32,Retail Client,Cash,Completed,ORDT100355,Synthetic test data
2023-05-08,Turbocharger,Engine system,4,6149.62,1231.35,25829.83,Retail Client,Cash,Completed,ORDT100356,Synthetic test data
2023-05-28,Turbocharger,Engine system,1,20440.47,888.15,21328.62,Retail Client,Maya,Completed,ORDT100357,Synthetic test data
2023-11-15,Turbocharger,Engine system,5,12828.83,1744.96,65889.11,Retail Client,Check,Completed,ORDT100358,Synthetic test data
2023-06-14,Turbocharger,Engine system,3,12122.63,1617.24,37985.13,Wholesale Client,Cash,Cancelled,ORDT100359,Synthetic test data
2023-11-12,Turbocharger,Engine system,5,8141.16,611.3,41317.1,Retail Client,GCash,Completed,ORDT100360,Synthetic test data
2023-11-25,Turbocharger,Engine system,3,6104.3,783.3,19096.2,Retail Client,Bank Transfer,Completed,ORDT100361,Synthetic test data
2023-09-13,Turbocharger,Engine system,2,23437.51,633.59,47508.61,Retail Client,GCash,Completed,ORDT100362,Synthetic test data
2023-01-28,Turbocharger,Engine system,5,10559.84,1419.09,54218.29,Retail Client,Cash,Completed,ORDT100363,Synthetic test data
2023-02-26,Turbocharger,Engine system,1,7975.56,187.0,8162.56,Wholesale Client,Cash,Completed,ORDT100364,Synthetic test data
2023-05-04,Turbocharger,Engine system,2,10596.73,1665.05,22858.51,Wholesale Client,Cash,Completed,ORDT100365,Synthetic test data
2023-07-23,Turbocharger,Engine system,2,16205.98,1216.18,33628.14,Retail Client,Check,Completed,ORDT100366,Synthetic test data
2023-08-31,Turbocharger,Engine system,3,12999.41,536.51,39534.74,Retail Client,Bank Transfer,Completed,ORDT100367,Synthetic test data
2023-09-17,Turbocharger,Engine system,5,23532.93,1253.37,118918.02,Wholesale Client,Cash,Completed,ORDT100368,Synthetic test data
2023-11-02,Turbocharger,Engine system,1,12616.32,652.89,13269.21,Retail Client,Check,Completed,ORDT100369,Synthetic test data
2023-02-21,Turbocharger,Engine system,3,7677.69,125.27,23158.34,Retail Client,Cash,Completed,ORDT100370,Synthetic test data
2023-01-07,Turbocharger,Engine system,4,13940.06,265.47,56025.71,Retail Client,Bank Transfer,Completed,ORDT100371,Synthetic test data
2023-10-27,Turbocharger,Engine system,1,7852.26,1450.79,9303.05,Wholesale Client,Maya,Completed,ORDT100372,Synthetic test data
2023-05-22,Turbocharger,Engine system,5,8928.28,1236.91,45878.31,Wholesale Client,Bank Transfer,Completed,ORDT100373,Synthetic test data
2023-02-07,Turbocharger,Engine system,5,7051.42,892.39,36149.49,Wholesale Client,Bank Transfer,Completed,ORDT100374,Synthetic test data
2023-01-22,Turbocharger,Engine system,5,11186.46,1930.9,57863.2,Wholesale Client,Bank Transfer,Pending,ORDT100375,Synthetic test data
2023-05-23,Turbocharger,Engine system,5,18398.96,1265.91,93260.71,Wholesale Client,Cash,Completed,ORDT100376,Synthetic test data
2023-05-19,Turbocharger,Engine system,3,15673.34,435.91,47455.93,Retail Client,Bank Transfer,Completed,ORDT100377,Synthetic test data
2023-07-14,Turbocharger,Engine system,2,6447.76,476.2,13371.72,Wholesale Client,Cash,Completed,ORDT100378,Synthetic test data
2023-06-15,Turbocharger,Engine system,1,14788.96,672.44,15461.4,Retail Client,Maya,Completed,ORDT100379,Synthetic test data
2023-05-07,Turbocharger,Engine system,2,14511.84,1947.56,30971.24,Retail Client,Maya,Completed,ORDT100380,Synthetic test data
2023-05-23,Turbocharger,Engine system,1,11708.42,1708.84,13417.26,Wholesale Client,GCash,Completed,ORDT100381,Synthetic test data
2023-05-04,Turbocharger,Engine system,4,21631.46,1978.71,88504.55,Wholesale Client,Cash,Completed,ORDT100382,Synthetic test data
2023-02-20,Turbocharger,Engine system,1,17478.24,1211.37,18689.61,Retail Client,Cash,Completed,ORDT100383,Synthetic test data
2023-08-11,Turbocharger,Engine system,3,19410.59,1625.31,59857.08,Wholesale Client,Check,Pending,ORDT100384,Synthetic test data
2023-01-06,Turbocharger,Engine system,1,12416.19,1843.62,14259.81,Wholesale Client,GCash,Completed,ORDT100385,Synthetic test data
2023-08-30,Turbocharger,Engine system,1,10294.95,24.05,10319.0,Wholesale Client,Bank Transfer,Completed,ORDT100386,Synthetic test data
2023-01-01,Turbocharger,Engine system,3,22856.89,1055.91,69626.58,Retail Client,Bank Transfer,Pending,ORDT100387,Synthetic test data
2023-10-05,Turbocharger,Engine system,2,13813.92,1050.91,28678.75,Retail Client,Bank Transfer,Completed,ORDT100388,Synthetic test data
2023-03-10,Turbocharger,Engine system,4,21797.36,1022.54,88211.98,Retail Client,Cash,Completed,ORDT100389,Synthetic test data
2023-02-13,Turbocharger,Engine system,2,15926.38,1604.53,33457.29,Retail Client,Maya,Completed,ORDT100390,Synthetic test data
2023-11-19,Turbocharger,Engine system,3,7094.79,304.91,21589.28,Wholesale Client,Check,Cancelled,ORDT100391,Synthetic test data
2023-12-24,Turbocharger,Engine system,3,14470.84,1882.11,45294.63,Retail Client,GCash,Pending,ORDT100392,Synthetic test data
2023-07-02,Turbocharger,Engine system,1,17052.75,471.55,17524.3,Wholesale Client,GCash,Completed,ORDT100393,Synthetic test data
2023-08-04,Turbocharger,Engine system,4,5663.28,325.55,22978.67,Retail Client,Bank Transfer,Completed,ORDT100394,Synthetic test data
2023-08-05,Turbocharger,Engine system,1,10993.12,971.33,11964.45,Retail Client,Bank Transfer,Completed,ORDT100395,Synthetic test data
2023-05-18,Turbocharger,Engine system,1,6265.73,275.17,6540.9,Wholesale Client,Check,Completed,ORDT100396,Synthetic test data
2023-09-15,Turbocharger,Engine system,5,22599.24,1101.69,114097.89,Wholesale Client,Bank Transfer,Completed,ORDT100397,Synthetic test data
2023-07-02,Turbocharger,Engine system,1,19332.7,987.12,20319.82,Retail Client,Cash,Completed,ORDT100398,Synthetic test data
2023-11-27,Turbocharger,Engine system,4,18319.39,872.43,74149.99,Retail Client,Cash,Completed,ORDT100399,Synthetic test data
2023-01-20,Turbocharger,Engine system,3,18576.75,1979.36,57709.61,Wholesale Client,Check,Completed,ORDT100400,Synthetic test data
2023-02-17,Turbocharger,Engine system,5,22587.46,790.2,113727.5,Retail Client,Check,Completed,ORDT100401,Synthetic test data
2023-05-17,Turbocharger,Engine system,1,17767.63,1140.16,18907.79,Retail Client,Check,Completed,ORDT100402,Synthetic test data
2023-02-20,Turbocharger,Engine system,4,16771.08,1487.51,68571.83,Retail Client,GCash,Completed,ORDT100403,Synthetic test data
2023-02-11,Turbocharger,Engine system,1,6443.8,1950.51,8394.31,Retail Client,Bank Transfer,Completed,ORDT100404,Synthetic test data
2023-10-06,Turbocharger,Engine system,5,13079.05,955.78,66351.03,Retail Client,Check,Completed,ORDT100405,Synthetic test data
2023-01-03,Turbocharger,Engine system,3,13084.18,1803.99,41056.53,Retail Client,Maya,Pending,ORDT100406,Synthetic test data
2023-01-14,Turbocharger,Engine system,3,14508.07,1655.71,45179.92,Retail Client,GCash,Completed,ORDT100407,Synthetic test data
2023-11-03,Turbocharger,Engine system,2,5983.98,1373.55,13341.51,Wholesale Client,Bank Transfer,Completed,ORDT100408,Synthetic test data
2023-11-10,Turbocharger,Engine system,4,21922.51,749.0,88439.04,Retail Client,GCash,Completed,ORDT100409,Synthetic test data
2023-11-08,Turbocharger,Engine system,3,18616.68,1080.94,56930.98,Wholesale Client,GCash,Completed,ORDT100410,Synthetic test data
2023-01-19,Turbocharger,Engine system,4,16055.73,1515.81,65738.73,Retail Client,Cash,Completed,ORDT100411,Synthetic test data
2023-02-15,Turbocharger,Engine system,2,16400.27,1503.06,34303.6,Retail Client,Cash,Completed,ORDT100412,Synthetic test data
2023-07-06,Turbocharger,Engine system,1,20379.13,1316.05,21695.18,Wholesale Client,Maya,Completed,ORDT100413,Synthetic test data
2023-06-06,Turbocharger,Engine system,3,5490.76,144.42,16616.7,Retail Client,Cash,Completed,ORDT100414,Synthetic test data
2023-12-09,Turbocharger,Engine system,4,21177.24,270.16,84979.12,Wholesale Client,Cash,Completed,ORDT100415,Synthetic test data
2023-07-17,Turbocharger,Engine system,2,15480.87,857.21,31818.95,Wholesale Client,Bank Transfer,Completed,ORDT100416,Synthetic test data
2023-12-21,Turbocharger,Engine system,1,15565.04,325.91,15890.95,Retail Client,Maya,Completed,ORDT100417,Synthetic test data
2023-10-21,Turbocharger,Engine system,2,13976.05,914.21,28866.31,Wholesale Client,Cash,Completed,ORDT100418,Synthetic test data
2023-04-12,Turbocharger,Engine system,5,24806.86,508.63,124542.93,Retail Client,Bank Transfer,Completed,ORDT100419,Synthetic test data
2023-10-14,Turbocharger,Engine system,4,18288.1,1249.46,74401.86,Wholesale Client,Bank Transfer,Completed,ORDT100420,Synthetic test data
2023-05-16,Turbocharger,Engine system,3,16581.83,1227.24,50972.73,Wholesale Client,Maya,Completed,ORDT100421,Synthetic test data
2023-08-08,Turbocharger,Engine system,4,17331.76,1043.58,70370.62,Retail Client,Cash,Completed,ORDT100422,Synthetic test data
2023-09-13,Turbocharger,Engine system,5,7570.62,1465.56,39318.66,Retail Client,Cash,Completed,ORDT100423,Synthetic test data
2023-07-09,Turbocharger,Engine system,1,23899.29,429.77,24329.06,Wholesale Client,Maya,Completed,ORDT100424,Synthetic test data
2023-08-25,Turbocharger,Engine system,5,15186.98,1548.89,77483.79,Retail Client,Cash,Pending,ORDT100425,Synthetic test data
2023-04-28,Turbocharger,Engine system,1,5106.94,1689.74,6796.68,Wholesale Client,GCash,Completed,ORDT100426,Synthetic test data
2023-06-17,Turbocharger,Engine system,2,12035.33,537.85,24608.51,Retail Client,Maya,Completed,ORDT100427,Synthetic test data
2023-01-06,Turbocharger,Engine system,5,21694.57,68.37,108541.22,Wholesale Client,Check,Completed,ORDT100428,Synthetic test data
2023-10-27,Turbocharger,Engine system,2,19853.73,1623.72,41331.18,Retail Client,Cash,Completed,ORDT100429,Synthetic test data
2023-12-22,Turbocharger,Engine system,5,24093.92,418.56,120888.16,Retail Client,Cash,Pending,ORDT100430,Synthetic test data
2023-10-03,Turbocharger,Engine system,5,23863.32,1609.29,120925.89,Retail Client,Bank Transfer,Completed,ORDT100431,Synthetic test data
2023-06-11,Turbocharger,Engine system,3,20631.74,454.54,62349.76,Wholesale Client,GCash,Completed,ORDT100432,Synthetic test data
2023-10-29,Turbocharger,Engine system,1,21220.44,929.19,22149.63,Retail Client,Bank Transfer,Completed,ORDT100433,Synthetic test data
2023-07-02,Turbocharger,Engine system,2,6541.89,412.59,13496.37,Retail Client,GCash,Completed,ORDT100434,Synthetic test data
2023-02-18,Turbocharger,Engine system,4,9455.45,740.75,38562.55,Retail Client,Maya,Completed,ORDT100435,Synthetic test data
2023-09-05,Turbocharger,Engine system,3,17180.55,887.12,52428.77,Retail Client,Check,Completed,ORDT100436,Synthetic test data
2023-09-05,Turbocharger,Engine system,4,6947.04,824.12,28612.28,Retail Client,Cash,Completed,ORDT100437,Synthetic test data
2023-12-01,Turbocharger,Engine system,2,14009.49,269.3,28288.28,Wholesale Client,GCash,Completed,ORDT100438,Synthetic test data
2023-09-19,Turbocharger,Engine system,3,18323.81,1720.4,56691.83,Retail Client,Bank Transfer,Completed,ORDT100439,Synthetic test data
2023-11-19,Turbocharger,Engine system,2,8408.38,1716.38,18533.14,Retail Client,Maya,Completed,ORDT100440,Synthetic test data
2023-01-16,Turbocharger,Engine system,1,19270.05,773.82,20043.87,Wholesale Client,Cash,Completed,ORDT100441,Synthetic test data
2023-11-09,Turbocharger,Engine system,3,9707.06,646.16,29767.34,Wholesale Client,GCash,Completed,ORDT100442,Synthetic test data
2023-01-25,Turbocharger,Engine system,2,10546.42,810.17,21903.01,Retail Client,Cash,Completed,ORDT100443,Synthetic test data
2023-11-04,Turbocharger,Engine system,2,12265.79,1748.43,26280.01,Retail Client,Maya,Completed,ORDT100444,Synthetic test data
2023-05-24,Turbocharger,Engine system,5,19075.51,1705.78,97083.33,Retail Client,GCash,Completed,ORDT100445,Synthetic test data
2023-09-06,Turbocharger,Engine system,5,5455.38,457.29,27734.19,Wholesale Client,Check,Pending,ORDT100446,Synthetic test data
2023-11-25,Turbocharger,Engine system,3,15138.15,1334.65,46749.1,Wholesale Client,GCash,Completed,ORDT100447,Synthetic test data
2023-08-13,Turbocharger,Engine system,3,15054.47,1370.56,46533.97,Retail Client,Bank Transfer,Completed,ORDT100448,Synthetic test data
2023-08-18,Turbocharger,Engine system,2,10341.67,1412.87,22096.21,Wholesale Client,GCash,Completed,ORDT100449,Synthetic test data
2023-10-05,Turbocharger,Engine system,3,15597.71,1177.78,47970.91,Retail Client,Check,Completed,ORDT100450,Synthetic test data
2023-07-01,Turbocharger,Engine system,5,23029.28,833.85,115980.25,Retail Client,Bank Transfer,Completed,ORDT100451,Synthetic test data
2023-12-23,Turbocharger,Engine system,1,20553.01,553.09,21106.1,Retail Client,Check,Cancelled,ORDT100452,Synthetic test data
2023-10-13,Turbocharger,Engine system,5,20854.26,1344.62,105615.92,Retail Client,GCash,Completed,ORDT100453,Synthetic test data
2023-01-31,Turbocharger,Engine system,5,21882.68,818.38,110231.78,Retail Client,Check,Completed,ORDT100454,Synthetic test data
2023-06-10,Turbocharger,Engine system,5,13099.59,968.76,66466.71,Wholesale Client,Cash,Completed,ORDT100455,Synthetic test data
2023-09-01,Turbocharger,Engine system,3,6216.82,1864.59,20515.05,Retail Client,Bank Transfer,Completed,ORDT100456,Synthetic test data
2023-01-15,Turbocharger,Engine system,5,22211.1,148.45,111203.95,Wholesale Client,GCash,Completed,ORDT100457,Synthetic test data
2023-03-13,Turbocharger,Engine system,1,8515.8,510.66,9026.46,Wholesale Client,Bank Transfer,Completed,ORDT100458,Synthetic test data
2023-01-29,Turbocharger,Engine system,1,21698.76,288.81,21987.57,Retail Client,Bank Transfer,Completed,ORDT100459,Synthetic test data
2023-04-09,Turbocharger,Engine system,2,7791.77,206.98,15790.52,Wholesale Client,Maya,Completed,ORDT100460,Synthetic test data
2023-11-08,Turbocharger,Engine system,2,24337.24,469.52,49144.0,Wholesale Client,Check,Pending,ORDT100461,Synthetic test data
2023-06-08,Turbocharger,Engine system,3,6048.8,1426.07,19572.47,Retail Client,Cash,Pending,ORDT100462,Synthetic test data
2023-06-24,Turbocharger,Engine system,5,13751.48,766.84,69524.24,Wholesale Client,Maya,Completed,ORDT100463,Synthetic test data
2023-05-06,Turbocharger,Engine system,3,6200.04,1527.63,20127.75,Retail Client,Maya,Completed,ORDT100464,Synthetic test data
2023-07-07,Turbocharger,Engine system,3,7729.24,464.06,23651.78,Retail Client,Bank Transfer,Completed,ORDT100465,Synthetic test data
2023-03-16,Turbocharger,Engine system,3,13491.16,1920.31,42393.79,Retail Client,GCash,Completed,ORDT100466,Synthetic test data
2023-12-04,Turbocharger,Engine system,5,15224.73,1050.47,77174.12,Wholesale Client,Bank Transfer,Completed,ORDT100467,Synthetic test data
2023-04-16,Turbocharger,Engine system,1,22266.28,1343.09,23609.37,Retail Client,Bank Transfer,Completed,ORDT100468,Synthetic test data
2023-10-06,Turbocharger,Engine system,4,22765.89,1963.56,93027.12,Wholesale Client,GCash,Completed,ORDT100469,Synthetic test data
2023-04-07,Turbocharger,Engine system,5,9141.54,65.05,45772.75,Retail Client,Maya,Completed,ORDT100470,Synthetic test data
2023-03-21,Turbocharger,Engine system,2,6590.3,1282.0,14462.6,Wholesale Client,Bank Transfer,Completed,ORDT100471,Synthetic test data
2023-05-13,Turbocharger,Engine system,2,23247.98,346.5,46842.46,Retail Client,Check,Completed,ORDT100472,Synthetic test data
2023-03-27,Turbocharger,Engine system,5,10207.46,1106.66,52143.96,Retail Client,Cash,Completed,ORDT100473,Synthetic test data
2023-04-10,Turbocharger,Engine system,3,5961.29,224.04,18107.91,Retail Client,Bank Transfer,Completed,ORDT100474,Synthetic test data
2023-04-26,Turbocharger,Engine system,2,16492.83,1478.62,34464.28,Retail Client,Check,Completed,ORDT100475,Synthetic test data
2023-08-21,Turbocharger,Engine system,4,13617.2,1763.39,56232.19,Retail Client,Maya,Completed,ORDT100476,Synthetic test data
2023-10-24,Turbocharger,Engine system,5,7306.69,1873.61,38407.06,Retail Client,Cash,Completed,ORDT100477,Synthetic test data
2023-01-26,Turbocharger,Engine system,3,13809.98,205.43,41635.37,Retail Client,Check,Completed,ORDT100478,Synthetic test data
2023-04-10,Turbocharger,Engine system,2,21087.67,1894.38,44069.72,Wholesale Client,Check,Completed,ORDT100479,Synthetic test data
2023-06-17,Turbocharger,Engine system,2,13420.87,1202.7,28044.44,Wholesale Client,Bank Transfer,Completed,ORDT100480,Synthetic test data
2023-05-24,Turbocharger,Engine system,1,20479.21,809.29,21288.5,Wholesale Client,Check,Completed,ORDT100481,Synthetic test data
2023-09-03,Turbocharger,Engine system,1,5291.6,1765.22,7056.82,Retail Client,Check,Completed,ORDT100482,Synthetic test data
2023-04-28,Turbocharger,Engine system,3,21043.65,1657.57,64788.52,Wholesale Client,Cash,Completed,ORDT100483,Synthetic test data
2023-06-16,Turbocharger,Engine system,3,9843.14,1042.64,30572.06,Wholesale Client,Maya,Completed,ORDT100484,Synthetic test data
2023-07-03,Turbocharger,Engine system,3,12316.51,664.41,37613.94,Wholesale Client,Bank Transfer,Completed,ORDT100485,Synthetic test data
2023-12-16,Turbocharger,Engine system,1,20683.6,936.91,21620.51,Retail Client,Cash,Completed,ORDT100486,Synthetic test data
2023-06-21,Turbocharger,Engine system,4,16023.42,1184.18,65277.86,Wholesale Client,Check,Completed,ORDT100487,Synthetic test data
2023-04-28,Turbocharger,Engine system,5,14288.14,1327.03,72767.73,Wholesale Client,Cash,Completed,ORDT100488,Synthetic test data
2023-05-20,Turbocharger,Engine system,4,18108.66,368.51,72803.15,Retail Client,GCash,Completed,ORDT100489,Synthetic test data
2023-09-19,Turbocharger,Engine system,5,20963.3,1255.92,106072.42,Retail Client,Cash,Pending,ORDT100490,Synthetic test data
2023-01-14,Turbocharger,Engine system,3,13863.56,931.51,42522.19,Wholesale Client,GCash,Completed,ORDT100491,Synthetic test data
2023-01-27,Turbocharger,Engine system,3,16686.74,1168.14,51228.36,Retail Client,Maya,Completed,ORDT100492,Synthetic test data
2023-07-25,Turbocharger,Engine system,2,17381.76,775.77,35539.29,Wholesale Client,GCash,Completed,ORDT100493,Synthetic test data
2023-02-21,Turbocharger,Engine system,2,18507.6,1636.89,38652.09,Wholesale Client,GCash,Completed,ORDT100494,Synthetic test data
2023-01-29,Turbocharger,Engine system,3,16112.92,985.42,49324.18,Retail Client,Cash,Completed,ORDT100495,Synthetic test data
2023-06-19,Turbocharger,Engine system,1,18863.07,796.47,19659.54,Wholesale Client,Bank Transfer,Completed,ORDT100496,Synthetic test data
2023-08-12,Turbocharger,Engine system,1,12046.17,1610.18,13656.35,Wholesale Client,Bank Transfer,Completed,ORDT100497,Synthetic test data
2023-10-17,Turbocharger,Engine system,5,11632.88,166.84,58331.24,Wholesale Client,Check,Completed,ORDT100498,Synthetic test data
2023-10-13,Turbocharger,Engine system,1,13585.46,1150.81,14736.27,Wholesale Client,Maya,Completed,ORDT100499,Synthetic test data
